<?xml version="1.0" encoding="UTF-8"?>
<GenRun Id="impl_1" LaunchPart="xc7a75tfgg484-2" LaunchTime="1761321767">
  <File Type="WBT-USG" Name="usage_statistics_webtalk.html"/>
  <File Type="BG-DRC" Name="whack_a_mole_top.drc"/>
  <File Type="BG-BGN" Name="whack_a_mole_top.bgn"/>
  <File Type="BITSTR-SYSDEF" Name="whack_a_mole_top.sysdef"/>
  <File Type="BITSTR-LTX" Name="debug_nets.ltx"/>
  <File Type="BITSTR-LTX" Name="whack_a_mole_top.ltx"/>
  <File Type="BITSTR-MMI" Name="whack_a_mole_top.mmi"/>
  <File Type="BITSTR-BMM" Name="whack_a_mole_top_bd.bmm"/>
  <File Type="BITSTR-NKY" Name="whack_a_mole_top.nky"/>
  <File Type="BITSTR-RBT" Name="whack_a_mole_top.rbt"/>
  <File Type="BITSTR-MSK" Name="whack_a_mole_top.msk"/>
  <File Type="BG-BIN" Name="whack_a_mole_top.bin"/>
  <File Type="BG-BIT" Name="whack_a_mole_top.bit"/>
  <File Type="POSTROUTE-PHYSOPT-BUS-SKEW-RPX" Name="whack_a_mole_top_bus_skew_postroute_physopted.rpx"/>
  <File Type="POSTROUTE-PHYSOPT-BUS-SKEW-PB" Name="whack_a_mole_top_bus_skew_postroute_physopted.pb"/>
  <File Type="POSTROUTE-PHYSOPT-BUS-SKEW" Name="whack_a_mole_top_bus_skew_postroute_physopted.rpt"/>
  <File Type="RDI-RDI" Name="whack_a_mole_top.vdi"/>
  <File Type="POSTROUTE-PHYSOPT-TIMING-RPX" Name="whack_a_mole_top_timing_summary_postroute_physopted.rpx"/>
  <File Type="POSTROUTE-PHYSOPT-TIMING-PB" Name="whack_a_mole_top_timing_summary_postroute_physopted.pb"/>
  <File Type="POSTROUTE-PHYSOPT-TIMING" Name="whack_a_mole_top_timing_summary_postroute_physopted.rpt"/>
  <File Type="POSTROUTE-PHYSOPT-BLACKBOX-DCP" Name="whack_a_mole_top_postroute_physopt_bb.dcp"/>
  <File Type="POSTROUTE-PHYSOPT-DCP" Name="whack_a_mole_top_postroute_physopt.dcp"/>
  <File Type="ROUTE-BUS-SKEW" Name="whack_a_mole_top_bus_skew_routed.rpt"/>
  <File Type="ROUTE-CLK" Name="whack_a_mole_top_clock_utilization_routed.rpt"/>
  <File Type="ROUTE-SIMILARITY" Name="whack_a_mole_top_incremental_reuse_routed.rpt"/>
  <File Type="ROUTE-TIMING-RPX" Name="whack_a_mole_top_timing_summary_routed.rpx"/>
  <File Type="ROUTE-TIMING-PB" Name="whack_a_mole_top_timing_summary_routed.pb"/>
  <File Type="ROUTE-TIMINGSUMMARY" Name="whack_a_mole_top_timing_summary_routed.rpt"/>
  <File Type="ROUTE-STATUS-PB" Name="whack_a_mole_top_route_status.pb"/>
  <File Type="ROUTE-STATUS" Name="whack_a_mole_top_route_status.rpt"/>
  <File Type="ROUTE-PWR-RPX" Name="whack_a_mole_top_power_routed.rpx"/>
  <File Type="ROUTE-PWR-SUM" Name="whack_a_mole_top_power_summary_routed.pb"/>
  <File Type="ROUTE-PWR" Name="whack_a_mole_top_power_routed.rpt"/>
  <File Type="ROUTE-METHODOLOGY-DRC-PB" Name="whack_a_mole_top_methodology_drc_routed.pb"/>
  <File Type="ROUTE-METHODOLOGY-DRC-RPX" Name="whack_a_mole_top_methodology_drc_routed.rpx"/>
  <File Type="ROUTE-METHODOLOGY-DRC" Name="whack_a_mole_top_methodology_drc_routed.rpt"/>
  <File Type="ROUTE-DRC-RPX" Name="whack_a_mole_top_drc_routed.rpx"/>
  <File Type="ROUTE-DRC-PB" Name="whack_a_mole_top_drc_routed.pb"/>
  <File Type="ROUTE-DRC" Name="whack_a_mole_top_drc_routed.rpt"/>
  <File Type="ROUTE-BLACKBOX-DCP" Name="whack_a_mole_top_routed_bb.dcp"/>
  <File Type="ROUTE-DCP" Name="whack_a_mole_top_routed.dcp"/>
  <File Type="ROUTE-ERROR-DCP" Name="whack_a_mole_top_routed_error.dcp"/>
  <File Type="PHYSOPT-TIMING" Name="whack_a_mole_top_timing_summary_physopted.rpt"/>
  <File Type="PHYSOPT-DRC" Name="whack_a_mole_top_drc_physopted.rpt"/>
  <File Type="PHYSOPT-DCP" Name="whack_a_mole_top_physopt.dcp"/>
  <File Type="POSTPLACE-PWROPT-TIMING" Name="whack_a_mole_top_timing_summary_postplace_pwropted.rpt"/>
  <File Type="POSTPLACE-PWROPT-DCP" Name="whack_a_mole_top_postplace_pwropt.dcp"/>
  <File Type="PLACE-TIMING" Name="whack_a_mole_top_timing_summary_placed.rpt"/>
  <File Type="PLACE-PRE-SIMILARITY" Name="whack_a_mole_top_incremental_reuse_pre_placed.rpt"/>
  <File Type="PLACE-SIMILARITY" Name="whack_a_mole_top_incremental_reuse_placed.rpt"/>
  <File Type="PLACE-CTRL" Name="whack_a_mole_top_control_sets_placed.rpt"/>
  <File Type="PLACE-UTIL-PB" Name="whack_a_mole_top_utilization_placed.pb"/>
  <File Type="PLACE-UTIL" Name="whack_a_mole_top_utilization_placed.rpt"/>
  <File Type="PLACE-CLK" Name="whack_a_mole_top_clock_utilization_placed.rpt"/>
  <File Type="PLACE-IO" Name="whack_a_mole_top_io_placed.rpt"/>
  <File Type="PLACE-DCP" Name="whack_a_mole_top_placed.dcp"/>
  <File Type="PWROPT-TIMING" Name="whack_a_mole_top_timing_summary_pwropted.rpt"/>
  <File Type="PWROPT-DRC" Name="whack_a_mole_top_drc_pwropted.rpt"/>
  <File Type="PWROPT-DCP" Name="whack_a_mole_top_pwropt.dcp"/>
  <File Type="OPT-TIMING" Name="whack_a_mole_top_timing_summary_opted.rpt"/>
  <File Type="OPT-HWDEF" Name="whack_a_mole_top.hwdef"/>
  <File Type="OPT-METHODOLOGY-DRC" Name="whack_a_mole_top_methodology_drc_opted.rpt"/>
  <File Type="OPT-DRC" Name="whack_a_mole_top_drc_opted.rpt"/>
  <File Type="OPT-DCP" Name="whack_a_mole_top_opt.dcp"/>
  <File Type="INIT-TIMING" Name="whack_a_mole_top_timing_summary_init.rpt"/>
  <File Type="ROUTE-BUS-SKEW-RPX" Name="whack_a_mole_top_bus_skew_routed.rpx"/>
  <File Type="REPORTS-TCL" Name="whack_a_mole_top_reports.tcl"/>
  <File Type="ROUTE-BUS-SKEW-PB" Name="whack_a_mole_top_bus_skew_routed.pb"/>
  <File Type="PA-TCL" Name="whack_a_mole_top.tcl"/>
  <FileSet Name="sources" Type="DesignSrcs" RelSrcDir="$PSRCDIR/sources_1">
    <Filter Type="Srcs"/>
    <File Path="$PSRCDIR/sources_1/new/bcd.v">
      <FileInfo>
        <Attr Name="UsedIn" Val="synthesis"/>
        <Attr Name="UsedIn" Val="implementation"/>
        <Attr Name="UsedIn" Val="simulation"/>
      </FileInfo>
    </File>
    <File Path="$PSRCDIR/sources_1/new/display.v">
      <FileInfo>
        <Attr Name="UsedIn" Val="synthesis"/>
        <Attr Name="UsedIn" Val="implementation"/>
        <Attr Name="UsedIn" Val="simulation"/>
      </FileInfo>
    </File>
    <File Path="$PSRCDIR/sources_1/new/game_controller.v">
      <FileInfo>
        <Attr Name="UsedIn" Val="synthesis"/>
        <Attr Name="UsedIn" Val="implementation"/>
        <Attr Name="UsedIn" Val="simulation"/>
      </FileInfo>
    </File>
    <File Path="$PSRCDIR/sources_1/new/key_input.v">
      <FileInfo>
        <Attr Name="UsedIn" Val="synthesis"/>
        <Attr Name="UsedIn" Val="implementation"/>
        <Attr Name="UsedIn" Val="simulation"/>
      </FileInfo>
    </File>
    <File Path="$PSRCDIR/sources_1/new/led_controller.v">
      <FileInfo>
        <Attr Name="UsedIn" Val="synthesis"/>
        <Attr Name="UsedIn" Val="implementation"/>
        <Attr Name="UsedIn" Val="simulation"/>
      </FileInfo>
    </File>
    <File Path="$PSRCDIR/sources_1/new/pwm.v">
      <FileInfo>
        <Attr Name="UsedIn" Val="synthesis"/>
        <Attr Name="UsedIn" Val="implementation"/>
        <Attr Name="UsedIn" Val="simulation"/>
      </FileInfo>
    </File>
    <File Path="$PSRCDIR/sources_1/new/whack_a_mole_top.v">
      <FileInfo>
        <Attr Name="UsedIn" Val="synthesis"/>
        <Attr Name="UsedIn" Val="implementation"/>
        <Attr Name="UsedIn" Val="simulation"/>
      </FileInfo>
    </File>
    <Config>
      <Option Name="DesignMode" Val="RTL"/>
      <Option Name="TopModule" Val="whack_a_mole_top"/>
      <Option Name="TopAutoSet" Val="TRUE"/>
    </Config>
  </FileSet>
  <FileSet Name="constrs_in" Type="Constrs" RelSrcDir="$PSRCDIR/constrs_1">
    <Filter Type="Constrs"/>
    <File Path="$PSRCDIR/constrs_1/new/whack_a_mole_cs.xdc">
      <FileInfo>
        <Attr Name="UsedIn" Val="synthesis"/>
        <Attr Name="UsedIn" Val="implementation"/>
      </FileInfo>
    </File>
    <Config>
      <Option Name="ConstrsType" Val="XDC"/>
    </Config>
  </FileSet>
  <Strategy Version="1" Minor="2">
    <StratHandle Name="Vivado Implementation Defaults" Flow="Vivado Implementation 2018"/>
    <Step Id="init_design"/>
    <Step Id="opt_design"/>
    <Step Id="power_opt_design"/>
    <Step Id="place_design"/>
    <Step Id="post_place_power_opt_design"/>
    <Step Id="phys_opt_design"/>
    <Step Id="route_design"/>
    <Step Id="post_route_phys_opt_design"/>
    <Step Id="write_bitstream"/>
  </Strategy>
</GenRun>
